first_name,
FRANK,
joseph,
STEPHEN,
elizabeth,
alexander,
Betty,
justin,
raYmOnd,
Jennifer,
eric,
richard,
kenneth,
James,
thomas,
kaTHLeeN,
joseph,
Ryan,
GARY,
George,
carolyn,
pamela,
ronald,
rayMond,
Mary,
ANDREW,
AMANDA,
Kenneth,
kAThErine,
timothy,
PaTRICiA,
lisa,
SARAH,
ashley,
pAmELA,
Gregory,
gary,
AMY,
sarah,
benJaMiN,
PauL,
sandra,
kiMberLY,
robert,
michael,
wIlLIaM,
Christine,
Charles,
rAcHel,
Daniel,
STEPHEN,
SAMUEL,
James,
sandra,
NICHOLAS,
KEVIN,
joseph,
MICHELLE,
MELISSA,
FRANK,
elizabeth,
Katherine,
Nicole,
FRaNK,
KATHLEEN,
sHIrlEY,
jennifer,
christopher,
lAurA,
CHARLES,
Susan,
Raymond,
anthony,
Stephen,
RICHARD,
ANGELA,
raymond,
STepheN,
ROBERT,
stephen,
Charles,
jonathan,
RIcHarD,
AMANDa,
BENJamIn,
MiChAEl,
LAuRa,
thOmAs,
pAMelA,
joseph,
PATrIcia,
Patricia,
Barbara,
ANDREW,
RebecCA,
BRENDA,
David,
LAURA,
William,
Anthony,
HELEN,
Kimberly,
Eric,
Charles,
Eric,
wILlIAM,
Anthony,
STEPHANIE,
donald,
Patrick,
scoTT,
barbara,
DebrA,
Eric,
susan,
jaMeS,
raymond,
samantha,
BRAnDoN,
andrew,
MICHAEL,
ANGelA,
FRANK,
RICHARD,
Sarah,
anthony,
CHRISTINE,
Michael,
kenneth,
Rebecca,
NAnCy,
nicole,
dEBRa,
SAMANTHA,
NICOLE,
eric,
DOROTHY,
REBECCA,
Kenneth,
steven,
LArRy,
KATHERinE,
stephanie,
amanda,
Samantha,
Lisa,
PAUL,
CYNTHIA,
GARY,
JUstin,
melissa,
Larry,
caRol,
LisA,
RAyMOND,
katherine,
STEPHANIE,
eric,
Jessica,
JEFFREY,
carolyn,
jennifer,
jAmeS,
LINDA,
christopher,
TIMOTHY,
JOHN,
nicholas,
Eric,
catherine,
NANCY,
RYan,
brian,
BARBARA,
Linda,
EDWARD,
KATHLEEN,
eMMA,
cYntHIa,
kENnETH,
DONALD,
kenneth,
rAymonD,
MICHELLE,
kenneth,
doNNa,
Gary,
Anthony,
christine,
Carol,
eric,
KENNETH,
SHARON,
Matthew,
stepHEN,
Carol,
lisa,
Barbara,
David,
Charles,
James,
MIchelle,
Dorothy,
ScOtT,
Nancy,
Susan,
larry,
rebeCcA,
brian,
ERIC,
cynthia,
joHn,
MAttheW,
nicole,
Melissa,
paul,
jennifer,
George,
Kevin,
DOROTHY,
amy,
Brenda,
Jeffrey,
Elizabeth,
melissa,
john,
liNdA,
shirley,
KATHERINE,
Benjamin,
john,
MICHAEL,
KAREN,
STEVEN,
SamuEL,
CAROLYN,
BrIan,
BETty,
Emily,
daniel,
sandra,
Paul,
miCheLlE,
JESSICA,
karen,
lisa,
LINda,
James,
sHIrLEY,
NANCY,
JoNatHAn,
amy,
Betty,
John,
ANNA,
amaNdA,
bRandon,
RONALD,
ROBERT,
cynthia,
kenneth,
AMY,
Frank,
Gregory,
nicole,
ErIC,
shirley,
beNjAMIn,
kImBERly,
cHArles,
JONATHAN,
MELISSA,
GEORGE,
Alexander,
THOMAS,
Carolyn,
Nancy,
PAmeLa,
patrick,
elizabeth,
JOHN,
Ronald,
Jessica,
SaMaNthA,
patricia,
christine,
rYAn,
sArAh,
jacob,
sandra,
Jason,
patrick,
RICHARD,
sAndrA,
Patricia,
helen,
samuel,
LISa,
Carolyn,
ANGELA,
jacob,
Michael,
Patricia,
cHArleS,
STEPHEN,
william,
Sarah,
angela,
David,
christopher,
MATTHEW,
Betty,
ROBERT,
Helen,
Amy,
JOhN,
ELIZABETH,
Carolyn,
Cynthia,
Justin,
EDWARD,
Jason,
Jason,
Timothy,
KATHLEEN,
Betty,
BRANDON,
Linda,
jOsEPH,
ronald,
jaCOB,
benjamin,
jACoB,
Mary,
dorothy,
STEPHEN,
STeVEn,
BARBARA,
Karen,
Barbara,
bRandOn,
Brandon,
sarah,
PATRICK,
JESSICA,
ryan,
EDWARD,
ROBERT,
RYAN,
SCOTT,
sharon,
GARY,
amy,
larry,
StepHANiE,
AMY,
KENNETH,
KeNneTH,
MARgaRet,
jacob,
PaUl,
Linda,
ASHLEY,
Joseph,
joshua,
edward,
Dorothy,
JEFFREY,
EMILY,
Benjamin,
ANNa,
sAMUEL,
eMiLY,
SANDRA,
Mary,
Debra,
RACHEL,
amy,
james,
gregory,
EDWARD,
steven,
JOSEPH,
ALEXANDER,
MARK,
Sharon,
shirley,
RyAN,
PATRICK,
thoMAs,
jessica,
linda,
William,
STEPHANIE,
NICOLE,
EMMA,
patrick,
Brenda,
Andrew,
GARY,
elizaBETH,
EDWARD,
brenda,
MELISSA,
brian,
steven,
DAVID,
RACHEL,
betty,
sarah,
Amy,
WILLIAM,
kimberly,
JoShUa,
Catherine,
stephanie,
kenneth,
CATHERINE,
Brenda,
STEVEN,
ERIC,
Nancy,
timothy,
joseph,
WILLIAM,
Deborah,
benjamin,
ANDREW,
timothy,
DANIEL,
CAROL,
William,
MARGARET,
Joshua,
MARGARET,
Alexander,
elizabeth,
ronald,
KATHLEEN,
RONALD,
matthew,
anna,
MATTHEW,
STEPHANIE,
Benjamin,
jaMes,
james,
greGorY,
Rebecca,
Anthony,
Michelle,
Laura,
LARRY,
KATHERINE,
kaTHErINE,
DeBoRAH,
Charles,
Margaret,
RAYMOND,
Michelle,
RAYMOND,
RAYMOND,
James,
larry,
SHARON,
AMaNDA,
carol,
jonaTHAn,
KATHERINE,
dEBORAh,
RAYMOND,
benjamin,
margaret,
Barbara,
JACOB,
john,
scott,
SAmaNTHA,
melissa,
kimbeRly,
ELIZABETH,
GEORge,
paul,
jONAtHAN,
Rachel,
TIMOTHY,
MIcHAel,
Patrick,
andrew,
kenneth,
TIMOTHY,
MARK,
Stephanie,
sharon,
Mark,
amanda,
anthony,
matthew,
patrick,
jeffRey,
keviN,
NANCY,
SAMUEL,
eRIC,
Christine,
JACOB,
Donna,
stephen,
gEOrGe,
STEVEN,
Linda,
juSTIn,
nicHoLaS,
Mark,
EMILY,
betty,
ryan,
SAMUEL,
dOnald,
Daniel,
CYNTHIA,
RAYMOND,
Amanda,
stephEN,
john,
anGELA,
chRIstoPhER,
DOrOtHy,
elizabeth,
rONAlD,
joshua,
catherine,
Paul,
EdwarD,
Betty,
Thomas,
Gary,
ANdREw,
AMANDA,
LINDA,
anthony,
jessica,
ShAroN,
KENNETH,
christopher,
Shirley,
MARK,
CHRISTINE,
patricia,
BRANDON,
Joshua,
ASHLEY,
Dorothy,
DaVId,
stEVen,
George,
daniel,
betTY,
ELIZABETH,
SANDRa,
ANTHONY,
Eric,
FRANK,
AMY,
Donald,
laura,
KaReN,
katherine,
ronald,
Rebecca,
cArOlYn,
Jason,
ERIC,
LARRy,
Frank,
catherine,
helen,
KEVin,
kIMberly,
Rebecca,
Anna,
rebecca,
Frank,
Melissa,
JAMES,
MARY,
cHARlES,
JENNIFER,
MaTTheW,
BRIAN,
karen,
gaRy,
christine,
karEn,
sarah,
Emily,
EDwarD,
Jacob,
nIchOlAS,
Matthew,
BENJAMIN,
Katherine,
GARY,
Amy,
MaRy,
DAVID,
MarY,
Michael,
Timothy,
Margaret,
sandra,
patrick,
KATHLEEN,
paTricK,
ronald,
Laura,
STEVEN,
Daniel,
amaNda,
christopher,
THomas,
STepHAniE,
Susan,
jessica,
DOROTHY,
paul,
PaUL,
brEnDA,
DEBRA,
dAViD,
DAVID,
Stephanie,
michelle,
REBEcCa,
RoNAlD,
Anna,
PAUL,
Helen,
karEN,
KIMBERLY,
DEbORah,
dONna,
jeffrey,
Carol,
Steven,
BRIAN,
michael,
cArOLyn,
robert,
CHARLES,
GEORgE,
BenJAMiN,
SHARON,
Kevin,
CaTheRIne,
ronald,
samuel,
DANIEL,
bRIan,
BRENDA,
katherine,
donna,
charles,
Amanda,
Mark,
Margaret,
rEbECCa,
Kimberly,
Michael,
Margaret,
ALEXANDER,
carol,
betty,
RAYMOND,
SAMUEL,
Jessica,
STEPHANIE,
patrick,
laura,
JOSHUA,
Amy,
SUSAN,
Kimberly,
margaret,
jEFFreY,
laUrA,
SusAN,
paTrIck,
NicHoLAs,
GAry,
LaRRY,
BraNdon,
daniel,
James,
ELIZABETH,
WIllIam,
CYNTHIA,
KiMBERly,
steven,
timothy,
daniel,
SANDRA,
David,
susan,
NANCY,
timothy,
sarah,
ANTHONY,
kenneth,
carol,
DOROTHY,
michael,
ashley,
Sandra,
daniel,
amanda,
BETTY,
Joshua,
WILLIAM,
anthony,
Ashley,
mELIsSa,
paMElA,
John,
michelle,
LINDA,
REBECCA,
Larry,
stephanie,
GEOrGe,
Alexander,
KATHERINE,
ANDREW,
DONNA,
Gary,
LARRY,
RAYMOND,
DEBORAH,
ANDREW,
NICHOLAS,
rOBeRt,
bRandOn,
NICOLE,
JUSTIN,
bEtty,
DONAlD,
eMmA,
matthEw,
Sarah,
jOSHuA,
kimberly,
Emma,
Cynthia,
patricia,
Patricia,
Shirley,
kimberly,
GEORGE,
nicholas,
rOnALD,
scott,
katherIne,
amAnDA,
Timothy,
jAmes,
paul,
EMILY,
jason,
daniel,
Dorothy,
Ryan,
JUSTIN,
RONALD,
carol,
anthony,
christopher,
donaLD,
Laura,
donald,
GREGORY,
brANDON,
caTHErinE,
debra,
thomas,
sHiRlEy,
PAUL,
SCOTt,
aSHLey,
rebecca,
ShARoN,
lisa,
NANcy,
william,
Jonathan,
nicholas,
AlExAnDer,
bRenda,
Emily,
BETTY,
EMILY,
Kathleen,
AmY,
PATRICK,
Timothy,
JOSHUA,
JAMES,
edWARd,
Steven,
CAtheriNE,
KAREN,
jACoB,
thomas,
dorothy,
ANGELA,
RAYMOND,
Lisa,
JOSEPH,
KAREN,
helen,
Angela,
lisa,
Margaret,
Jason,
KIMBERLY,
karen,
kevin,
DANIEL,
Helen,
DoroTHY,
ROBERT,
KIMBERLY,
ANna,
jeFfREY,
linda,
SHarON,
Margaret,
RACHEL,
alexander,
Steven,
richard,
Stephanie,
meLisSa,
LARRY,
Donald,
Angela,
Debra,
marY,
sarah,
stephen,
DEBORAH,
DAniel,
STEPHEN,
stePhaNie,
Benjamin,
PATRICIA,
StevEn,
Linda,
Alexander,
GRegoRy,
Nicole,
JOSHUA,
SANDRA,
maRY,
mary,
elizabeth,
Emma,
AntHoNy,
Patricia,
carol,
Betty,
samUeL,
Ryan,
debra,
stephen,
CYNTHIA,
Shirley,
DaNIel,
MATTHEW,
Brandon,
sUSan,
Sarah,
kathleen,
kevin,
JACOB,
sARAh,
MICHELLE,
KENNETH,
pAtrICIA,
Nancy,
thomas,
JAMES,
michael,
justin,
frank,
BARBARA,
Anthony,
ERIC,
samantha,
CArol,
Amy,
AngElA,
Eric,
GEORGE,
EDWARD,
Alexander,
JENNIFER,
michael,
MELISSA,
timothy,
christine,
BENJAMIN,
DAVID,
pamela,
Michael,
Thomas,
KAREN,
aNgeLA,
jaCoB,
Steven,
mIChAEl,
scott,
shIrlEY,
CAROL,
MARY,
JoNaTHAN,
nancy,
CAROLYN,
Lisa,
samuEl,
Ronald,
kenNEtH,
RICHarD,
CAROL,
JonaThAN,
rebecca,
Susan,
Carol,
sCOTT,
patrick,
christopher,
raymond,
emma,
Sharon,
Frank,
Donald,
gary,
bArBara,
George,
Brian,
shirley,
Larry,
Melissa,
Stephen,
LAURA,
benjamin,
MARY,
george,
eric,
jUsTiN,
RONalD,
edward,
Richard,
PAUL,
gary,
sandra,
alexaNDeR,
thomas,
DEBORAH,
anna,
Carol,
ChrIStiNe,
JuStiN,
STEVEN,
JeFfReY,
Karen,
TIMOTHY,
jusTIn,
paTrick,
AMY,
ashley,
CHRISTINE,
KATHLEEN,
Katherine,
AMY,
Michelle,
andrew,
mary,
LAURA,
melissa,
SCOTT,
eMmA,
CYNTHIA,
LIndA,
NiCOle,
sANdRa,
pAMELa,
GARY,
kevin,
Patricia,
LISa,
CAROL
